{"products":[{"id":"0.5417860939426156","quantity":1}],"totalPrice":29.990000000000006}